slug,field,value,source
5-o-clock-somewhere-bar-and-grill-sandestin,Reservations,"[""Yes""]",https://www.5oclocksomewheremiramarbeach.com/ — Reservations
azul-mexican-fusion-destin-harbor,Reservations,"[""Yes""]",https://azulmexicanfusion.com/ — online reservations
boathouse-oyster-bar-destin-harbor,Happy Hour (food),"[""Yes""]","http://www.boathouseoysterbardestin.com/ — every hour is happy hour, with oysters"
bonefish-grill-destin-mid-destin,Happy Hour (food),"[""Yes""]",https://locations.bonefishgrill.com/florida/destin/4447-commons-drive-e — Social Hour menu items
bonefish-grill-destin-mid-destin,Outdoor Dining,"[""Yes""]",https://locations.bonefishgrill.com/florida/destin/4447-commons-drive-e — Outdoor Dining
boshamps-seafood-and-oyster-house-destin-harbor,Live Music,"[""Yes""]",https://boshamps.com/ — live music schedule
brotula-s-seafood-house-and-steamer-destin-harbor,Happy Hour (food),"[""Yes""]",https://www.brotulas.com/happyhour — $8 select appetizers
bubba-gump-shrimp-co-mid-destin,Reservations,"[""Yes""]",https://www.bubbagump.com/location/bubba-gump-destin-fl/ — Reservations
cafe-destin-mid-destin,Outdoor Dining,"[""Yes""]",https://cafedestin.com/ — outdoor seating on a large covered patio
captain-dave-s-on-the-gulf-crystal-beach,Reservations,"[""No""]",http://www.captdavesonthegulf.com/ — does not take reservations
carrabba-s-italian-grill-miramar-beach,Outdoor Dining,"[""Yes""]",https://locations.carrabbas.com/florida/sandestin/10562-us-hwy-98-w — Patio Dining
fleming-s-prime-steakhouse-and-wine-bar-grand-boulevard,Groups of 12,"[""Yes""]",https://www.opentable.com/flemings-steakhouse-sandestin — private rooms seat 25 to 75
fleming-s-prime-steakhouse-and-wine-bar-grand-boulevard,Outdoor Dining,"[""Yes""]",https://www.flemingssteakhouse.com/Locations/FL/Sandestin — Main Dining Room & Outdoor Dining
grande-vista-bar-and-grill-destin-harbor,Happy Hour (drinks),"[""Yes""]",https://www.emeraldgrande.com/emerald-grande/restaurants-destin-fl — happy hour drink specials
grande-vista-bar-and-grill-destin-harbor,Happy Hour (food),"[""Yes""]",https://www.emeraldgrande.com/emerald-grande/restaurants-destin-fl — happy hour light bites
grimaldi-s-coal-brick-oven-pizza-grand-boulevard,Reservations,"[""Yes""]",https://www.grimaldispizzeria.com/locations/grand-boulevard/ — Reservations
hammerhead-s-bar-and-grille-sandestin,Live Music,"[""Yes""]",http://hammerheadsbarandgrille.com/ — live music
harbor-docks-destin-harbor,Groups of 12,"[""Yes""]",https://www.harbordocks.com/private-events/ — Harbor View Room seats 18; groups from 20
horizons-crystal-beach,Happy Hour (food),"[""Yes""]",https://www.hendersonbeachresort.com/dine/horizons/ — happy hour shareable bites
island-wing-company-destin-mid-destin,Groups of 12,"[""Yes""]",https://www.islandwing.com/locations/destin-fl/ — cabana seats 16; patio party seats 50
island-wing-company-destin-mid-destin,Live Music,"[""Yes""]",https://www.islandwing.com/locations/destin-fl/ — live music
island-wing-company-destin-mid-destin,Outdoor Dining,"[""Yes""]",https://www.islandwing.com/locations/destin-fl/ — patio seating
jackacuda-s-seafood-and-sushi-destin-harbor,Happy Hour (food),"[""Yes""]",https://www.jackacudas.com/happyhour — happy hour food menu
john-wehner-s-village-door-restaurant-sandestin,Reservations,"[""Yes""]",https://thevillagedoor.com/ — book a table through OpenTable
kenny-d-s-beach-bar-and-grill-crystal-beach,Reservations,"[""Yes""]",https://kennyds.com/ — Reserve now
landshark-bar-and-grill-sandestin,Reservations,"[""Yes""]",https://miramarbeach.landsharkbarandgrill.com/ — Reservations
marco-s-pizza-miramar-beach-miramar-beach,Outdoor Dining,"[""Yes""]",https://www.marcos.com/our-locations/restaurants/FL/Miramar-Beach/marcos-pizza-poinciana-blvd-miramar-beach-1 — outdoor seating
margaritaville-destin-destin-harbor,Reservations,"[""Yes""]",https://www.margaritavilledestin.com/ — Reservations
marina-bar-and-grill-sandestin,Happy Hour (food),"[""Yes""]",https://www.sandestin.com/dine/marina-bar-grill — Loaded Cheese Fries served during happy hour
marina-cafe-destin-harbor,Groups of 12,"[""Yes""]","https://marinacafe.com/private-events/ — private dining room, 40 guests"
mezcal-mexican-grill-miramar-beach,Reservations,"[""Yes""]",https://www.mezcalmexicangrill.com/ — book reservations
mi-gente-mexican-restaurant-and-cantina-mid-destin,Reservations,"[""Yes""]",https://migenterestaurantandcantina.com/ — Reservations
nonna-s-ristorante-destin-harbor,Happy Hour (drinks),"[""Yes""]",https://nonnasristorante.com/happyhour/ — 50% off beers and 25% off cocktails
nonna-s-ristorante-destin-harbor,Happy Hour (food),"[""Yes""]",https://nonnasristorante.com/happyhour/ — BOGO pizzas
nonna-s-ristorante-destin-harbor,Outdoor Dining,"[""Yes""]",https://nonnasristorante.com/happyhour/ — Bar & Deck overlooking Destin Harbor
p-f-chang-s-grand-boulevard,Happy Hour (drinks),"[""Yes""]",https://locations.pfchangs.com/fl/sandestin/640-grand-blvd.html — happy hour select beer
pandoras-steakhouse-destin-harbor,Happy Hour (drinks),"[""Yes""]",https://pandorassteakhouse.com/ — happy hour drink deals
pandoras-steakhouse-destin-harbor,Happy Hour (food),"[""Yes""]",https://pandorassteakhouse.com/ — Happy Hour Dinner menu
primrose-crystal-beach,Groups of 12,"[""Yes""]",https://www.hendersonbeachresort.com/venues/primrose/ — Primrose capacity up to 12
seagar-s-prime-steaks-and-seafood-sandestin,Groups of 12,"[""Yes""]",https://www.seagars.com/groups — Boardroom 10–16; Florida Room up to 40
slick-lips-seafood-and-oyster-house-sandestin,Reservations,"[""Yes""]","https://www.slicklipsseafood.com/ — Make a Reservation, Baytowne Wharf"
tailfins-waterfront-grill-destin-harbor,Happy Hour (food),"[""Yes""]",https://tailfinsdestin.com/ — happy hour drinks and bites
tailfins-waterfront-grill-destin-harbor,Reservations,"[""Yes""]",https://tailfinsdestin.com/ — Reserve a table
the-craft-bar-destin-mid-destin,Groups of 12,"[""Yes""]","https://www.thecraftbarfl.com/harbor — party of 8 or more, call ahead"
the-lobby-bar-sandestin,Happy Hour (drinks),"[""Yes""]",https://www.hoteleffie.com/lobby-bar-menu — Happy Hour Monday–Wednesday 3–6pm
the-melting-pot-mid-destin,Happy Hour (drinks),"[""Yes""]","https://www.meltingpot.com/destin-fl/melting-pot-events.aspx — cocktails, beer, and wine specials"
the-melting-pot-mid-destin,Happy Hour (food),"[""Yes""]",https://www.meltingpot.com/destin-fl/melting-pot-events.aspx — half off cheese and chocolate fondue
tommy-bahama-restaurant-and-bar-grand-boulevard,Live Music,"[""Yes""]",https://www.tommybahama.com/restaurants-and-marlin-bars/locations/sandestin — live music 4–8pm daily
the-ocean-club-restaurant-miramar-beach,Reservations,"[""Yes""]","https://theoceanclubdestin.com/contact-us/ — reservations recommended, Resy"
the-ocean-club-restaurant-miramar-beach,Live Music,"[""Yes""]",https://theoceanclubdestin.com/live-entertainment/ — live entertainment calendar
the-ocean-club-restaurant-miramar-beach,Groups of 12,"[""Yes""]",https://theoceanclubdestin.com/ — private party and wedding reception areas
commelfo-restaurant-miramar-beach,Reservations,"[""Yes""]",https://commelfo.com/ — reserve a table
tuscany-italian-bistro-miramar-beach,Reservations,"[""Yes""]",https://tuscanybistrodestin.com/ — make a reservation
osaka-japanese-hibachi-steakhouse-sushi-bar-mid-destin,Reservations,"[""Yes""]","https://theosakasteakhouse.com/locations/ — Destin reservations, call 850-650-4688"
osaka-japanese-hibachi-steakhouse-sushi-bar-mid-destin,Groups of 12,"[""Yes""]",https://theosakasteakhouse.com/locations/ — large groups and rehearsal dinners
osaka-japanese-hibachi-steakhouse-sushi-bar-mid-destin,Kid Friendly,"[""Yes""]",https://theosakasteakhouse.com/locations/ — large groups of families
moe-s-original-bbq-destin-harbor,Outdoor Dining,"[""Yes""]",https://www.moesoriginalbbq.com/destin — patio
moe-s-original-bbq-destin-harbor,Kid Friendly,"[""Yes""]",https://www.moesoriginalbbq.com/destin — kids menu
the-gulf-club-restaurant-mid-destin,Reservations,"[""Yes""]",https://thegulfclubdestin.com/ — book a table
the-gulf-club-restaurant-mid-destin,Live Music,"[""Yes""]",https://thegulfclubdestin.com/ — experience includes live music
the-gulf-club-restaurant-mid-destin,Groups of 12,"[""Yes""]",https://thegulfclubdestin.com/ — reserve the entire space
joe-s-crab-shack-mid-destin,Reservations,"[""Yes""]",https://www.joescrabshack.com/location/joes-crab-shack-destin/ — acceptsReservations
joe-s-crab-shack-mid-destin,Outdoor Dining,"[""Yes""]",https://www.joescrabshack.com/location/joes-crab-shack-destin/ — patio
joe-s-crab-shack-mid-destin,Kid Friendly,"[""Yes""]",https://www.joescrabshack.com/location/joes-crab-shack-destin/ — kid's menu
bistrology-miramar-beach,Reservations,"[""No""]",https://www.bistrologyrestaurant.com/copy-of-open-your-bistrology — not accepting reservations
sushimoto-of-south-walton-miramar-beach,Reservations,"[""No""]","https://www.destinsushi.com/ — no reservations, first come"
pizza-by-the-sea-miramar-beach,Outdoor Dining,"[""Yes""]",https://pizzabythesea.com/miramar-beach/ — outdoor seating
pizza-by-the-sea-miramar-beach,Kid Friendly,"[""Yes""]",https://pizzabythesea.com/miramar-beach/ — family-friendly
